Region Code,Region,Area code*,Voting area,Total electorate size,Turnout,Yes,% Yes,No,% No,Number of spoilt ballots,Number of valid votes cast,Spoilt ballots as a percentage,Turnout as a percentage
E12000004,East Midlands,E07000032,Amber Valley,"96,579","42,361","12,432",29.48%,"29,745",70.52%,184,"42,177",0.43%,43.86%
E12000004,East Midlands,E07000170,Ashfield,"90,299","35,097","9,149",26.26%,"25,693",73.74%,254,"34,842",0.72%,38.87%
E12000004,East Midlands,E07000171,Bassetlaw,"84,371","35,419","8,757",24.88%,"26,441",75.12%,221,"35,198",0.62%,41.98%
E12000004,East Midlands,E07000129,Blaby,"72,386","30,378","7,862",25.99%,"22,388",74.01%,128,"30,250",0.42%,41.97%
E12000004,East Midlands,E07000033,Bolsover,"57,423","22,832","5,890",25.94%,"16,815",74.06%,122,"22,705",0.53%,39.76%
E12000004,East Midlands,E07000136,Boston,"43,698","17,405","3,958",22.89%,"13,337",77.11%,109,"17,295",0.63%,39.83%
E12000004,East Midlands,E07000172,Broxtowe,"84,304","40,770","12,703",31.33%,"27,840",68.67%,227,"40,543",0.56%,48.36%
E12000004,East Midlands,E07000130,Charnwood,"130,220","55,365","16,114",29.29%,"38,902",70.71%,353,"55,016",0.64%,42.52%
E12000004,East Midlands,E07000034,Chesterfield,"80,554","34,900","10,335",29.93%,"24,190",70.07%,375,"34,525",1.07%,43.32%
E12000004,East Midlands,E07000150,Corby,"42,123","18,119","5,078",28.19%,"12,933",71.81%,108,"18,011",0.60%,43.01%
E12000004,East Midlands,E07000151,Daventry,"58,883","27,057","6,699",24.81%,"20,305",75.19%,53,"27,004",0.20%,45.95%
E12000004,East Midlands,E06000015,Derby,"174,151","68,791","20,502",30.10%,"47,622",69.90%,667,"68,124",0.97%,39.50%
E12000004,East Midlands,E07000035,Derbyshire Dales,"57,091","29,812","8,795",29.62%,"20,893",70.38%,124,"29,688",0.42%,52.22%
E12000004,East Midlands,E07000137,East Lindsey,"105,271","44,849","10,571",23.69%,"34,045",76.31%,236,"44,616",0.53%,42.60%
E12000004,East Midlands,E07000152,East Northamptonshire,"65,336","28,652","6,935",24.31%,"21,596",75.69%,112,"28,531",0.39%,43.85%
E12000004,East Midlands,E07000036,Erewash,"83,923","36,240","9,255",25.62%,"26,863",74.38%,122,"36,118",0.34%,43.18%
E12000004,East Midlands,E07000173,Gedling,"86,961","39,048","11,089",28.55%,"27,745",71.45%,213,"38,834",0.55%,44.90%
E12000004,East Midlands,E07000131,Harborough,"66,106","31,884","8,156",25.70%,"23,577",74.30%,148,"31,733",0.46%,48.23%
E12000004,East Midlands,E07000037,High Peak,"71,604","32,186","10,443",32.62%,"21,569",67.38%,170,"32,012",0.53%,44.95%
E12000004,East Midlands,E07000132,Hinckley and Bosworth,"82,988","36,594","9,642",26.48%,"26,771",73.52%,181,"36,413",0.49%,44.10%
E12000004,East Midlands,E07000153,Kettering,"69,162","29,804","7,500",25.27%,"22,174",74.73%,130,"29,674",0.44%,43.09%
E12000004,East Midlands,E06000016,Leicester,"216,550","90,492","38,005",42.85%,"50,678",57.15%,"1,798","88,683",1.99%,41.79%
E12000004,East Midlands,E07000138,Lincoln,"62,837","23,153","6,951",30.16%,"16,099",69.84%,103,"23,050",0.44%,36.85%
E12000004,East Midlands,E07000174,Mansfield,"79,399","30,240","8,474",28.17%,"21,610",71.83%,156,"30,084",0.52%,38.09%
E12000004,East Midlands,E07000133,Melton,"38,611","17,255","4,590",26.76%,"12,563",73.24%,105,"17,153",0.61%,44.69%
E12000004,East Midlands,E07000175,Newark and Sherwood,"84,378","38,012","10,211",26.99%,"27,621",73.01%,188,"37,832",0.49%,45.05%
E12000004,East Midlands,E07000038,North East Derbyshire,"78,060","33,427","8,624",25.98%,"24,576",74.02%,223,"33,200",0.67%,42.82%
E12000004,East Midlands,E07000139,North Kesteven,"82,611","35,478","7,926",22.44%,"27,397",77.56%,156,"35,323",0.44%,42.95%
E12000004,East Midlands,E07000134,North West Leicestershire,"71,571","32,537","7,575",23.41%,"24,780",76.59%,182,"32,355",0.56%,45.46%
E12000004,East Midlands,E07000154,Northampton,"148,814","59,043","17,651",30.06%,"41,065",69.94%,315,"58,716",0.53%,39.68%
E12000004,East Midlands,E06000018,Nottingham,"193,320","69,129","25,564",37.36%,"42,853",62.64%,710,"68,417",1.03%,35.76%
E12000004,East Midlands,E07000135,Oadby and Wigston,"44,648","19,310","5,600",29.28%,"13,523",70.72%,187,"19,123",0.97%,43.25%
E12000004,East Midlands,E07000176,Rushcliffe,"84,984","44,024","14,083",32.14%,"29,739",67.86%,199,"43,822",0.45%,51.80%
E12000004,East Midlands,E06000017,Rutland,"28,293","13,939","3,809",27.49%,"10,048",72.51%,65,"13,857",0.47%,49.27%
E12000004,East Midlands,E07000039,South Derbyshire,"71,085","30,974","7,463",24.24%,"23,323",75.76%,186,"30,786",0.60%,43.57%
E12000004,East Midlands,E07000140,South Holland,"65,648","26,282","5,603",21.43%,"20,542",78.57%,137,"26,145",0.52%,40.03%
E12000004,East Midlands,E07000141,South Kesteven,"102,288","43,604","11,247",25.88%,"32,217",74.12%,140,"43,464",0.32%,42.63%
E12000004,East Midlands,E07000155,South Northamptonshire,"66,665","32,007","9,064",28.39%,"22,860",71.61%,83,"31,924",0.26%,48.01%
E12000004,East Midlands,E07000156,Wellingborough,"53,759","24,568","6,349",26.03%,"18,044",73.97%,176,"24,393",0.72%,45.70%
E12000004,East Midlands,E07000142,West Lindsey,"71,515","31,254","8,223",26.44%,"22,882",73.56%,150,"31,105",0.48%,43.70%
E12000006,East,E07000200,Babergh,"69,095","32,369","9,423",29.23%,"22,819",70.77%,127,"32,242",0.39%,46.85%
E12000006,East,E07000066,Basildon,"127,516","44,771","10,461",23.48%,"34,097",76.52%,215,"44,558",0.48%,35.11%
E12000006,East,E06000055,Bedford,"111,834","53,377","16,184",30.77%,"36,421",69.23%,769,"52,605",1.44%,47.73%
E12000006,East,E07000067,Braintree,"107,739","46,469","11,501",24.85%,"34,788",75.15%,180,"46,289",0.39%,43.13%
E12000006,East,E07000143,Breckland,"94,346","39,932","9,793",24.66%,"29,920",75.34%,219,"39,713",0.55%,42.33%
E12000006,East,E07000068,Brentwood,"55,420","25,653","6,177",24.17%,"19,381",75.83%,96,"25,558",0.37%,46.29%
E12000006,East,E07000144,Broadland,"95,298","44,859","12,073",27.02%,"32,607",72.98%,179,"44,680",0.40%,47.07%
E12000006,East,E07000095,Broxbourne,"67,345","24,465","4,988",20.46%,"19,386",79.54%,91,"24,374",0.37%,36.33%
E12000006,East,E07000008,Cambridge,"81,273","39,361","21,253",54.32%,"17,871",45.68%,236,"39,124",0.60%,48.43%
E12000006,East,E07000069,Castle Point,"63,975","26,471","5,348",20.29%,"21,012",79.71%,106,"26,360",0.40%,41.38%
E12000006,East,E06000056,Central Bedfordshire,"191,682","80,554","21,774",27.13%,"58,496",72.87%,281,"80,270",0.35%,42.02%
E12000006,East,E07000070,Chelmsford,"125,965","55,949","15,934",28.57%,"39,829",71.43%,188,"55,763",0.34%,44.42%
E12000006,East,E07000071,Colchester,"123,741","52,316","17,809",34.18%,"34,293",65.82%,214,"52,102",0.41%,42.28%
E12000006,East,E07000096,Dacorum,"106,646","47,953","14,438",30.25%,"33,295",69.75%,211,"47,733",0.44%,44.96%
E12000006,East,E07000009,East Cambridgeshire,"60,890","26,748","8,262",31.03%,"18,365",68.97%,117,"26,627",0.44%,43.93%
E12000006,East,E07000242,East Hertfordshire,"102,107","46,472","12,716",27.53%,"33,478",72.47%,278,"46,194",0.60%,45.51%
E12000006,East,E07000072,Epping Forest,"95,778","36,909","8,533",23.20%,"28,240",76.80%,135,"36,773",0.37%,38.54%
E12000006,East,E07000010,Fenland,"70,632","27,555","6,336",23.10%,"21,087",76.90%,132,"27,423",0.48%,39.01%
E12000006,East,E07000201,Forest Heath,"37,359","14,166","3,327",23.62%,"10,757",76.38%,82,"14,084",0.58%,37.92%
E12000006,East,E07000145,Great Yarmouth,"69,805","25,704","6,325",24.77%,"19,207",75.23%,172,"25,532",0.67%,36.82%
E12000006,East,E07000073,Harlow,"59,020","22,191","5,823",26.41%,"16,226",73.59%,146,"22,049",0.66%,37.60%
E12000006,East,E07000098,Hertsmere,"72,259","28,905","6,772",23.53%,"22,005",76.47%,124,"28,777",0.43%,40.00%
E12000006,East,E07000011,Huntingdonshire,"121,752","54,116","15,145",28.11%,"38,725",71.89%,243,"53,870",0.45%,44.45%
E12000006,East,E07000202,Ipswich,"91,874","36,287","10,859",30.12%,"25,195",69.88%,233,"36,054",0.64%,39.50%
E12000006,East,E07000146,King's Lynn and West Norfolk,"112,351","47,842","11,652",24.45%,"35,996",75.55%,192,"47,648",0.40%,42.58%
E12000006,East,E06000032,Luton,"129,249","52,868","16,002",31.39%,"34,980",68.61%,"1,886","50,982",3.57%,40.90%
E12000006,East,E07000074,Maldon,"47,970","20,809","4,987",24.07%,"15,735",75.93%,84,"20,722",0.40%,43.38%
E12000006,East,E07000203,Mid Suffolk,"75,070","36,153","10,177",28.27%,"25,828",71.73%,152,"36,005",0.42%,48.16%
E12000006,East,E07000099,North Hertfordshire,"95,782","44,173","13,592",30.89%,"30,410",69.11%,170,"44,002",0.38%,46.12%
E12000006,East,E07000147,North Norfolk,"81,144","40,641","11,799",29.24%,"28,555",70.76%,287,"40,354",0.71%,50.09%
E12000006,East,E07000148,Norwich,"98,060","40,319","18,231",45.48%,"21,852",54.52%,230,"40,083",0.57%,41.12%
E12000006,East,E06000031,Peterborough,"119,240","49,100","15,534",32.09%,"32,878",67.91%,684,"48,412",1.39%,41.18%
E12000006,East,E07000075,Rochford,"64,746","26,562","5,542",20.93%,"20,931",79.07%,87,"26,473",0.33%,41.02%
E12000006,East,E07000012,South Cambridgeshire,"107,412","53,128","18,351",34.66%,"34,594",65.34%,180,"52,945",0.34%,49.46%
E12000006,East,E07000149,South Norfolk,"96,837","46,013","13,332",29.15%,"32,400",70.85%,281,"45,732",0.61%,47.52%
E12000006,East,E06000033,Southend-on-Sea,"125,504","48,107","13,488",28.19%,"34,365",71.81%,254,"47,853",0.53%,38.33%
E12000006,East,E07000240,St Albans,"101,445","52,647","18,934",36.15%,"33,443",63.85%,271,"52,377",0.51%,51.90%
E12000006,East,E07000204,St Edmundsbury,"80,848","34,507","9,789",28.46%,"24,607",71.54%,111,"34,396",0.32%,42.68%
E12000006,East,E07000243,Stevenage,"60,605","25,351","7,311",28.97%,"17,927",71.03%,112,"25,238",0.44%,41.83%
E12000006,East,E07000205,Suffolk Coastal,"94,793","47,174","13,452",28.64%,"33,524",71.36%,196,"46,976",0.42%,49.77%
E12000006,East,E07000076,Tendring,"107,555","47,202","13,627",29.00%,"33,363",71.00%,207,"46,990",0.44%,43.89%
E12000006,East,E07000102,Three Rivers,"65,171","28,931","7,985",27.76%,"20,779",72.24%,167,"28,764",0.58%,44.39%
E12000006,East,E06000034,Thurrock,"108,669","37,844","9,307",24.76%,"28,284",75.24%,253,"37,591",0.67%,34.83%
E12000006,East,E07000077,Uttlesford,"59,406","29,316","7,624",26.09%,"21,595",73.91%,93,"29,219",0.32%,49.35%
E12000006,East,E07000103,Watford,"63,074","26,295","9,259",35.51%,"16,814",64.49%,222,"26,073",0.84%,41.69%
E12000006,East,E07000206,Waveney,"89,008","38,367","10,035",26.27%,"28,162",73.73%,172,"38,197",0.45%,43.11%
E12000006,East,E07000241,Welwyn Hatfield,"75,716","32,518","8,876",27.43%,"23,482",72.57%,153,"32,358",0.47%,42.95%
E12000007,London,E09000002,Barking and Dagenham,"114,643","31,835","9,436",29.70%,"22,338",70.30%,61,"31,774",0.19%,27.77%
E12000007,London,E09000003,Barnet,"220,342","85,743","30,153",35.22%,"55,451",64.78%,134,"85,604",0.16%,38.91%
E12000007,London,E09000004,Bexley,"169,825","63,653","14,929",23.49%,"48,630",76.51%,94,"63,559",0.15%,37.48%
E12000007,London,E09000005,Brent,"183,541","54,475","25,551",45.23%,"30,941",54.77%,232,"56,492",0.41%,29.68%
E12000007,London,E09000006,Bromley,"230,337","95,081","27,286",28.74%,"67,671",71.26%,123,"94,957",0.13%,41.28%
E12000007,London,E09000007,Camden,"137,117","51,302","26,275",51.40%,"24,845",48.60%,177,"51,120",0.35%,37.41%
E12000007,London,E09000001,City of London,"6,068","2,588","1,196",46.36%,"1,384",53.64%,8,"2,580",0.31%,42.65%
E12000007,London,E09000008,Croydon,"243,612","87,460","28,789",32.99%,"58,475",67.01%,196,"87,264",0.22%,35.90%
E12000007,London,E09000009,Ealing,"207,846","75,258","32,445",43.25%,"42,565",56.75%,251,"75,010",0.33%,36.21%
E12000007,London,E09000010,Enfield,"196,016","69,439","23,521",33.97%,"45,721",66.03%,197,"69,242",0.28%,35.43%
E12000007,London,E09000011,Greenwich,"158,603","52,748","20,618",39.16%,"32,039",60.84%,91,"52,657",0.17%,33.26%
E12000007,London,E09000012,Hackney,"149,606","51,210","30,969",60.68%,"20,064",39.32%,164,"51,033",0.32%,34.23%
E12000007,London,E09000013,Hammersmith and Fulham,"109,386","41,399","16,889",40.92%,"24,380",59.08%,132,"41,269",0.32%,37.85%
E12000007,London,E09000014,Haringey,"150,299","53,655","30,310",56.62%,"23,223",43.38%,122,"53,533",0.23%,35.70%
E12000007,London,E09000015,Harrow,"163,792","62,144","20,990",33.86%,"40,993",66.14%,156,"61,983",0.25%,37.94%
E12000007,London,E09000016,Havering,"179,160","64,354","14,592",22.70%,"49,691",77.30%,71,"64,283",0.11%,35.92%
E12000007,London,E09000017,Hillingdon,"189,421","64,584","18,888",29.32%,"45,535",70.68%,161,"64,423",0.25%,34.10%
E12000007,London,E09000018,Hounslow,"163,331","53,622","20,953",39.16%,"32,550",60.84%,119,"53,503",0.22%,32.83%
E12000007,London,E09000019,Islington,"135,677","48,575","27,553",56.92%,"20,851",43.08%,171,"48,404",0.35%,35.80%
E12000007,London,E09000020,Kensington and Chelsea,"87,514","30,103","9,696",32.29%,"20,332",67.71%,75,"30,028",0.25%,34.40%
E12000007,London,E09000021,Kingston upon Thames,"107,874","46,269","18,230",39.48%,"27,945",60.52%,94,"46,175",0.20%,42.89%
E12000007,London,E09000022,Lambeth,"191,929","63,649","34,712",54.69%,"28,758",45.31%,179,"63,470",0.28%,33.16%
E12000007,London,E09000023,Lewisham,"172,573","57,294","28,184",49.35%,"28,929",50.65%,182,"57,113",0.32%,33.20%
E12000007,London,E09000024,Merton,"130,419","52,060","18,375",35.37%,"33,573",64.63%,109,"51,948",0.21%,39.92%
E12000007,London,E09000025,Newham,"177,666","48,443","21,085",43.70%,"27,169",56.30%,189,"48,254",0.39%,27.27%
E12000007,London,E09000026,Redbridge,"192,533","63,375","20,524",32.45%,"42,717",67.55%,135,"63,241",0.21%,32.92%
E12000007,London,E09000027,Richmond upon Thames,"128,638","60,647","24,796",40.94%,"35,768",59.06%,83,"60,564",0.14%,47.15%
E12000007,London,E09000028,Southwark,"180,698","62,212","32,695",52.73%,"29,304",47.27%,215,"61,999",0.35%,34.43%
E12000007,London,E09000029,Sutton,"133,714","52,011","16,930",32.60%,"35,003",67.40%,74,"51,933",0.14%,38.90%
E12000007,London,E09000030,Tower Hamlets,"153,376","44,399","20,286",45.83%,"23,975",54.17%,135,"44,261",0.30%,28.95%
E12000007,London,E09000031,Waltham Forest,"157,904","53,420","22,140",41.57%,"31,118",58.43%,163,"53,258",0.31%,33.83%
E12000007,London,E09000032,Wandsworth,"207,802","77,039","30,152",39.21%,"46,737",60.79%,145,"76,889",0.19%,37.07%
E12000007,London,E09000033,Westminster,"127,540","40,207","15,279",38.12%,"24,805",61.88%,123,"40,084",0.31%,31.53%
E12000001,North East,E06000005,Darlington,"77,726","32,417","9,134",28.34%,"23,096",71.66%,187,"32,230",0.58%,41.71%
E12000001,North East,E06000047,County Durham,"402,455","140,864","40,435",28.75%,"100,203",71.25%,229,"140,638",0.16%,35.00%
E12000001,North East,E08000037,Gateshead,"146,741","60,852","16,214",26.76%,"44,366",73.24%,272,"60,580",0.45%,41.47%
E12000001,North East,E06000001,Hartlepool,"69,360","21,811","4,998",23.05%,"16,685",76.95%,128,"21,683",0.59%,31.45%
E12000001,North East,E06000002,Middlesbrough,"101,229","36,468","10,416",28.82%,"25,721",71.18%,331,"36,137",0.91%,36.03%
E12000001,North East,E08000021,Newcastle upon Tyne,"196,899","80,635","28,766",35.85%,"51,484",64.15%,385,"80,250",0.48%,40.95%
E12000001,North East,E08000022,North Tyneside,"153,920","64,636","16,296",25.31%,"48,078",74.69%,262,"64,374",0.41%,41.99%
E12000001,North East,E06000057,Northumberland,"244,601","99,846","27,252",27.32%,"72,500",72.68%,94,"99,752",0.09%,40.82%
E12000001,North East,E06000003,Redcar and Cleveland,"104,848","43,699","11,554",26.61%,"31,859",73.39%,286,"43,413",0.65%,41.68%
E12000001,North East,E08000023,South Tyneside,"114,366","44,747","12,533",28.15%,"31,991",71.85%,223,"44,524",0.50%,39.13%
E12000001,North East,E06000004,Stockton-on-Tees,"141,142","54,959","13,877",25.40%,"40,763",74.60%,319,"54,640",0.58%,38.94%
E12000001,North East,E08000024,Sunderland,"214,850","81,366","21,476",26.56%,"59,392",73.44%,498,"80,868",0.61%,37.87%
E12000002,North West,E07000026,Allerdale,"73,120","33,086","8,354",25.40%,"24,533",74.60%,196,"32,887",0.59%,45.25%
E12000002,North West,E07000027,Barrow-in-Furness,"52,623","19,088","4,561",24.08%,"14,383",75.92%,143,"18,944",0.75%,36.27%
E12000002,North West,E06000008,Blackburn with Darwen,"101,055","43,714","11,393",27.67%,"29,787",72.33%,"2,533","41,180",5.79%,43.26%
E12000002,North West,E06000009,Blackpool,"111,424","41,098","10,544",25.79%,"30,343",74.21%,132,"40,887",0.32%,36.88%
E12000002,North West,E08000001,Bolton,"195,204","74,348","20,825",28.19%,"53,037",71.81%,486,"73,862",0.65%,38.09%
E12000002,North West,E07000117,Burnley,"66,580","26,095","7,037",27.21%,"18,822",72.79%,236,"25,859",0.90%,39.19%
E12000002,North West,E08000002,Bury,"141,289","57,922","15,625",27.17%,"41,878",72.83%,419,"57,503",0.72%,41.00%
E12000002,North West,E07000028,Carlisle,"83,016","32,978","10,202",31.09%,"22,611",68.91%,161,"32,813",0.49%,39.72%
E12000002,North West,E06000049,Cheshire East,"284,434","122,417","33,241",27.27%,"88,669",72.73%,507,"121,910",0.41%,43.04%
E12000002,North West,E06000050,Cheshire West and Chester,"253,465","109,264","30,322",27.88%,"78,450",72.12%,492,"108,772",0.45%,43.11%
E12000002,North West,E07000118,Chorley,"79,548","33,875","8,598",25.50%,"25,119",74.50%,158,"33,717",0.47%,42.58%
E12000002,North West,E07000029,Copeland,"55,243","22,686","5,628",24.97%,"16,907",75.03%,152,"22,535",0.67%,41.07%
E12000002,North West,E07000030,Eden,"41,363","18,706","5,342",28.65%,"13,302",71.35%,62,"18,644",0.33%,45.22%
E12000002,North West,E07000119,Fylde,"61,083","27,256","6,413",23.63%,"20,727",76.37%,116,"27,140",0.43%,44.62%
E12000002,North West,E06000006,Halton,"91,906","31,414","8,763",28.09%,"22,432",71.91%,219,"31,195",0.70%,34.18%
E12000002,North West,E07000120,Hyndburn,"60,401","24,369","6,167",25.63%,"17,891",74.37%,311,"24,058",1.28%,40.35%
E12000002,North West,E08000011,Knowsley,"110,803","36,621","11,343",31.33%,"24,859",68.67%,419,"36,202",1.14%,33.05%
E12000002,North West,E07000121,Lancaster,"108,334","42,349","13,504",32.11%,"28,555",67.89%,289,"42,059",0.68%,39.09%
E12000002,North West,E08000012,Liverpool,"313,993","114,043","41,035",36.39%,"71,739",63.61%,"1,269","112,774",1.11%,36.32%
E12000002,North West,E08000003,Manchester,"346,023","110,882","48,442",44.47%,"60,495",55.53%,"2,024","108,937",1.82%,32.04%
E12000002,North West,E08000004,Oldham,"159,853","61,706","17,076",28.60%,"42,623",71.40%,"2,003","59,699",3.25%,38.60%
E12000002,North West,E07000122,Pendle,"66,327","28,980","7,077",24.71%,"21,565",75.29%,338,"28,642",1.17%,43.69%
E12000002,North West,E07000123,Preston,"96,259","36,998","11,413",31.16%,"25,218",68.84%,367,"36,631",0.99%,38.44%
E12000002,North West,E07000124,Ribble Valley,"45,023","20,229","4,982",24.76%,"15,138",75.24%,109,"20,120",0.54%,44.93%
E12000002,North West,E08000005,Rochdale,"157,428","57,152","16,390",28.99%,"40,146",71.01%,616,"56,536",1.08%,36.30%
E12000002,North West,E07000125,Rossendale,"52,355","19,983","5,361",27.02%,"14,480",72.98%,144,"19,841",0.72%,38.17%
E12000002,North West,E08000006,Salford,"164,182","54,423","16,601",30.76%,"37,373",69.24%,449,"53,974",0.83%,33.15%
E12000002,North West,E08000014,Sefton,"208,731","81,863","23,925",29.46%,"57,289",70.54%,647,"81,214",0.79%,39.22%
E12000002,North West,E07000031,South Lakeland,"82,193","41,329","13,412",32.56%,"27,781",67.44%,132,"41,193",0.32%,50.28%
E12000002,North West,E07000126,South Ribble,"86,222","34,630","8,845",25.69%,"25,582",74.31%,203,"34,427",0.59%,40.16%
E12000002,North West,E08000013,St. Helens,"136,690","51,892","14,682",28.54%,"36,753",71.46%,457,"51,435",0.88%,37.96%
E12000002,North West,E08000007,Stockport,"217,116","90,402","29,930",33.30%,"59,937",66.70%,535,"89,867",0.59%,41.64%
E12000002,North West,E08000008,Tameside,"167,483","60,292","16,516",27.66%,"43,187",72.34%,589,"59,703",0.98%,36.00%
E12000002,North West,E08000009,Trafford,"168,105","71,833","22,687",31.82%,"48,602",68.18%,544,"71,289",0.76%,42.73%
E12000002,North West,E06000007,Warrington,"152,217","59,953","19,134",32.12%,"40,442",67.88%,377,"59,576",0.63%,39.39%
E12000002,North West,E07000127,West Lancashire,"85,943","34,232","9,288",27.24%,"24,804",72.76%,139,"34,092",0.41%,39.83%
E12000002,North West,E08000010,Wigan,"239,326","80,300","31,201",39.00%,"48,793",61.00%,306,"79,994",0.38%,33.55%
E12000002,North West,E08000015,Wirral,"237,631","102,566","28,627",28.14%,"73,120",71.86%,816,"101,747",0.80%,43.16%
E12000002,North West,E07000128,Wyre,"85,332","37,770","8,763",23.31%,"28,829",76.69%,178,"37,592",0.47%,44.26%
E12000008,South East,E07000223,Adur,"47,216","18,813","5,357",28.54%,"13,412",71.46%,43,"18,769",0.23%,39.84%
E12000008,South East,E07000224,Arun,"110,973","49,607","11,729",23.81%,"37,536",76.19%,342,"49,265",0.69%,44.70%
E12000008,South East,E07000105,Ashford,"85,778","38,614","10,349",26.89%,"28,132",73.11%,133,"38,481",0.34%,45.02%
E12000008,South East,E07000004,Aylesbury Vale,"129,380","59,172","17,777",30.20%,"41,096",69.80%,296,"58,873",0.50%,45.74%
E12000008,South East,E07000084,Basingstoke and Deane,"123,139","53,688","14,837",27.72%,"38,681",72.28%,175,"53,518",0.33%,43.60%
E12000008,South East,E06000036,Bracknell Forest,"82,165","33,854","9,677",28.73%,"24,001",71.27%,176,"33,678",0.52%,41.20%
E12000008,South East,E06000043,Brighton and Hove,"195,217","88,204","43,948",49.86%,"44,198",50.14%,565,"88,146",0.64%,45.18%
E12000008,South East,E07000106,Canterbury,"104,358","46,370","15,398",33.36%,"30,759",66.64%,213,"46,157",0.46%,44.43%
E12000008,South East,E07000177,Cherwell,"101,134","44,027","12,944",29.51%,"30,925",70.49%,155,"43,869",0.35%,43.53%
E12000008,South East,E07000225,Chichester,"89,467","41,552","10,856",26.22%,"30,549",73.78%,147,"41,405",0.35%,46.44%
E12000008,South East,E07000005,Chiltern,"70,417","36,384","8,933",24.63%,"27,331",75.37%,117,"36,264",0.32%,51.67%
E12000008,South East,E07000226,Crawley,"72,100","28,414","7,993",28.28%,"20,275",71.72%,146,"28,268",0.51%,39.41%
E12000008,South East,E07000107,Dartford,"69,487","28,788","7,256",25.32%,"21,397",74.68%,132,"28,653",0.46%,41.43%
E12000008,South East,E07000108,Dover,"82,753","37,426","9,897",26.55%,"27,386",73.45%,143,"37,283",0.38%,45.23%
E12000008,South East,E07000085,East Hampshire,"88,868","42,923","11,259",26.30%,"31,550",73.70%,117,"42,809",0.27%,48.30%
E12000008,South East,E07000061,Eastbourne,"70,849","31,617","9,565",30.38%,"21,920",69.62%,131,"31,485",0.41%,44.63%
E12000008,South East,E07000086,Eastleigh,"94,378","41,573","12,796",30.88%,"28,644",69.12%,136,"41,440",0.33%,44.05%
E12000008,South East,E07000207,Elmbridge,"96,240","42,270","11,200",26.58%,"30,930",73.42%,137,"42,130",0.32%,43.92%
E12000008,South East,E07000208,Epsom and Ewell,"54,376","25,075","7,240",28.98%,"17,741",71.02%,94,"24,981",0.37%,46.11%
E12000008,South East,E07000087,Fareham,"87,586","39,732","9,825",24.75%,"29,874",75.25%,33,"39,699",0.08%,45.36%
E12000008,South East,E07000088,Gosport,"60,766","22,912","5,321",23.27%,"17,546",76.73%,45,"22,867",0.20%,37.71%
E12000008,South East,E07000109,Gravesham,"70,279","30,637","8,266",27.29%,"22,023",72.71%,347,"30,289",1.13%,43.59%
E12000008,South East,E07000209,Guildford,"100,288","48,510","14,982",31.00%,"33,351",69.00%,173,"48,333",0.36%,48.37%
E12000008,South East,E07000089,Hart,"68,064","31,748","9,817",30.98%,"21,873",69.02%,58,"31,690",0.18%,46.64%
E12000008,South East,E07000062,Hastings,"61,590","22,653","7,349",32.48%,"15,277",67.52%,27,"22,626",0.12%,36.78%
E12000008,South East,E07000090,Havant,"92,436","35,967","8,241",22.98%,"27,614",77.02%,110,"35,855",0.31%,38.91%
E12000008,South East,E07000227,Horsham,"102,347","49,061","15,039",30.74%,"33,878",69.26%,139,"48,917",0.28%,47.94%
E12000008,South East,E06000046,Isle of Wight,"110,177","44,236","11,311",25.62%,"32,841",74.38%,85,"44,152",0.19%,40.15%
E12000008,South East,E07000063,Lewes,"74,108","36,444","12,531",34.55%,"23,738",65.45%,175,"36,269",0.48%,49.18%
E12000008,South East,E07000110,Maidstone,"111,996","47,478","12,214",25.81%,"35,113",74.19%,152,"47,327",0.32%,42.39%
E12000008,South East,E06000035,Medway,"185,726","73,852","18,817",25.65%,"54,540",74.35%,495,"73,357",0.67%,39.76%
E12000008,South East,E07000228,Mid Sussex,"103,572","49,586","15,659",31.72%,"33,704",68.28%,220,"49,363",0.44%,47.88%
E12000008,South East,E06000042,Milton Keynes,"166,664","68,716","21,773",31.82%,"46,646",68.18%,293,"68,419",0.43%,41.23%
E12000008,South East,E07000210,Mole Valley,"64,958","34,439","9,541",27.83%,"24,748",72.17%,150,"34,289",0.44%,53.02%
E12000008,South East,E07000091,New Forest,"143,218","64,132","16,135",25.26%,"47,732",74.74%,265,"63,867",0.41%,44.78%
E12000008,South East,E07000178,Oxford,"102,836","38,976","21,693",54.11%,"18,395",45.89%,113,"40,088",0.28%,37.90%
E12000008,South East,E06000044,Portsmouth,"142,886","51,375","16,577",32.46%,"34,490",67.54%,308,"51,067",0.60%,35.96%
E12000008,South East,E06000038,Reading,"108,236","45,482","17,605",38.97%,"27,571",61.03%,306,"45,176",0.67%,42.02%
E12000008,South East,E07000211,Reigate and Banstead,"99,133","42,877","11,891",27.84%,"30,827",72.16%,156,"42,718",0.36%,43.25%
E12000008,South East,E07000064,Rother,"70,563","34,037","8,718",25.73%,"25,167",74.27%,146,"33,885",0.43%,48.24%
E12000008,South East,E07000212,Runnymede,"58,414","23,296","6,297",27.14%,"16,901",72.86%,98,"23,198",0.42%,39.88%
E12000008,South East,E07000092,Rushmoor,"64,408","25,109","7,417",29.65%,"17,596",70.35%,96,"25,013",0.38%,38.98%
E12000008,South East,E07000111,Sevenoaks,"86,050","39,856","9,849",24.81%,"29,850",75.19%,157,"39,699",0.39%,46.32%
E12000008,South East,E07000112,Shepway,"79,557","33,435","8,920",26.82%,"24,342",73.18%,173,"33,262",0.52%,42.03%
E12000008,South East,E06000039,Slough,"84,580","31,813","11,956",38.13%,"19,397",61.87%,460,"31,353",1.45%,37.61%
E12000008,South East,E07000006,South Bucks,"50,382","21,595","5,001",23.26%,"16,503",76.74%,91,"21,504",0.42%,42.86%
E12000008,South East,E07000179,South Oxfordshire,"99,849","48,533","14,776",30.57%,"33,565",69.43%,192,"48,341",0.40%,48.61%
E12000008,South East,E06000045,Southampton,"164,726","62,699","23,062",37.01%,"39,257",62.99%,380,"62,319",0.61%,38.06%
E12000008,South East,E07000213,Spelthorne,"70,567","29,687","7,687",26.00%,"21,873",74.00%,125,"29,560",0.42%,42.07%
E12000008,South East,E07000214,Surrey Heath,"63,239","29,035","7,116",24.67%,"21,725",75.33%,194,"28,841",0.67%,45.91%
E12000008,South East,E07000113,Swale,"95,176","38,751","9,634",24.97%,"28,948",75.03%,169,"38,582",0.44%,40.72%
E12000008,South East,E07000215,Tandridge,"60,824","28,968","8,286",28.71%,"20,572",71.29%,106,"28,858",0.37%,47.63%
E12000008,South East,E07000093,Test Valley,"89,731","43,314","11,798",27.34%,"31,360",72.66%,156,"43,158",0.36%,48.27%
E12000008,South East,E07000114,Thanet,"92,547","39,024","10,168",26.22%,"28,613",73.78%,243,"38,781",0.62%,42.17%
E12000008,South East,E07000115,Tonbridge and Malling,"88,251","39,778","9,880",24.96%,"29,700",75.04%,198,"39,580",0.50%,45.07%
E12000008,South East,E07000116,Tunbridge Wells,"79,371","36,516","10,892",29.96%,"25,469",70.04%,159,"36,361",0.44%,46.01%
E12000008,South East,E07000180,Vale of White Horse,"92,388","45,416","14,737",32.57%,"30,507",67.43%,172,"45,244",0.38%,49.16%
E12000008,South East,E07000216,Waverley,"90,045","46,604","12,718",27.39%,"33,723",72.61%,163,"46,441",0.35%,51.76%
E12000008,South East,E07000065,Wealden,"114,884","55,110","14,275",25.98%,"40,667",74.02%,165,"54,942",0.30%,47.97%
E12000008,South East,E06000037,West Berkshire,"113,091","55,064","15,637",28.50%,"39,235",71.50%,192,"54,872",0.35%,48.69%
E12000008,South East,E07000181,West Oxfordshire,"77,986","37,631","10,766",28.71%,"26,739",71.29%,126,"37,505",0.33%,48.25%
E12000008,South East,E07000094,Winchester,"88,876","48,030","15,005",31.35%,"32,857",68.65%,168,"47,862",0.35%,54.04%
E12000008,South East,E06000040,Windsor and Maidenhead,"100,607","48,812","12,767",26.27%,"35,835",73.73%,209,"48,602",0.43%,48.52%
E12000008,South East,E07000217,Woking,"69,250","34,002","10,424",30.83%,"23,391",69.17%,187,"33,815",0.55%,49.10%
E12000008,South East,E06000041,Wokingham,"117,104","55,419","15,968",28.93%,"39,232",71.07%,219,"55,200",0.40%,47.32%
E12000008,South East,E07000229,Worthing,"78,607","31,304","9,476",30.44%,"21,653",69.56%,177,"31,129",0.57%,39.82%
E12000008,South East,E07000007,Wycombe,"122,132","56,466","16,965",30.38%,"38,872",69.62%,625,"55,837",1.11%,46.23%
E12000009,South West,E06000022,Bath and North East Somerset,"134,464","65,809","25,042",38.22%,"40,471",61.78%,293,"65,513",0.45%,48.94%
E12000009,South West,E06000028,Bournemouth,"132,482","47,943","14,030",29.54%,"33,468",70.46%,444,"47,498",0.93%,36.19%
E12000009,South West,E06000023,"Bristol, City of","304,351","126,858","56,433",44.68%,"69,878",55.32%,537,"126,311",0.42%,41.68%
E12000009,South West,E07000078,Cheltenham,"86,309","35,712","12,972",36.37%,"22,695",63.63%,45,"35,667",0.13%,41.38%
E12000009,South West,E07000048,Christchurch,"38,939","19,338","4,492",23.37%,"14,729",76.63%,121,"19,221",0.63%,49.66%
E12000009,South West,E06000052,Cornwall,"420,921","169,231","51,184",30.29%,"117,770",69.71%,279,"168,954",0.16%,40.20%
E12000009,South West,E07000079,Cotswold,"67,135","33,963","9,462",27.97%,"24,367",72.03%,119,"33,829",0.35%,50.59%
E12000009,South West,E07000040,East Devon,"102,938","51,539","14,778",28.76%,"36,605",71.24%,156,"51,383",0.30%,50.07%
E12000009,South West,E07000049,East Dorset,"70,612","34,836","8,020",23.11%,"26,688",76.89%,128,"34,708",0.37%,49.33%
E12000009,South West,E07000041,Exeter,"85,294","37,222","14,432",38.97%,"22,605",61.03%,188,"37,037",0.51%,43.64%
E12000009,South West,E07000080,Forest of Dean,"64,804","29,628","8,727",29.60%,"20,758",70.40%,142,"29,485",0.48%,45.72%
E12000009,South West,E07000081,Gloucester,"87,837","34,865","9,964",28.72%,"24,730",71.28%,166,"34,694",0.48%,39.69%
E12000009,South West,E06000053,Isles of Scilly,"1,737",833,288,34.70%,542,65.30%,3,830,0.36%,47.96%
E12000009,South West,E07000187,Mendip,"83,849","41,815","14,419",34.68%,"27,162",65.32%,234,"41,581",0.56%,49.87%
E12000009,South West,E07000042,Mid Devon,"59,229","28,190","8,737",31.11%,"19,349",68.89%,104,"28,086",0.37%,47.59%
E12000009,South West,E07000043,North Devon,"74,558","34,276","10,446",30.65%,"23,637",69.35%,193,"34,083",0.56%,45.97%
E12000009,South West,E07000050,North Dorset,"52,436","25,846","7,342",28.55%,"18,371",71.45%,133,"25,713",0.51%,49.29%
E12000009,South West,E06000024,North Somerset,"156,025","71,873","22,473",31.40%,"49,101",68.60%,296,"71,574",0.41%,46.07%
E12000009,South West,E06000026,Plymouth,"180,979","70,366","20,251",28.93%,"49,743",71.07%,372,"69,994",0.53%,38.88%
E12000009,South West,E06000029,Poole,"112,874","48,275","13,367",27.84%,"34,655",72.16%,253,"48,022",0.52%,42.77%
E12000009,South West,E07000051,Purbeck,"36,333","17,790","4,979",28.10%,"12,741",71.90%,73,"17,720",0.41%,48.96%
E12000009,South West,E07000188,Sedgemoor,"88,118","36,917","11,221",30.52%,"25,549",69.48%,150,"36,770",0.41%,41.89%
E12000009,South West,E06000025,South Gloucestershire,"200,474","92,554","27,179",29.49%,"64,993",70.51%,382,"92,172",0.41%,46.17%
E12000009,South West,E07000044,South Hams,"67,786","34,726","11,343",32.80%,"23,241",67.20%,141,"34,584",0.41%,51.23%
E12000009,South West,E07000189,South Somerset,"125,291","60,998","18,489",30.45%,"42,239",69.55%,270,"60,728",0.44%,48.69%
E12000009,South West,E07000082,Stroud,"88,847","43,733","15,154",34.81%,"28,376",65.19%,197,"43,530",0.45%,49.22%
E12000009,South West,E06000030,Swindon,"151,980","59,578","17,803",30.13%,"41,286",69.87%,489,"59,089",0.82%,39.20%
E12000009,South West,E07000190,Taunton Deane,"82,518","38,922","12,380",31.97%,"26,339",68.03%,203,"38,719",0.52%,47.17%
E12000009,South West,E07000045,Teignbridge,"100,865","48,243","14,994",31.23%,"33,016",68.77%,238,"48,010",0.49%,47.83%
E12000009,South West,E07000083,Tewkesbury,"64,132","29,447","8,052",27.44%,"21,291",72.56%,104,"29,343",0.35%,45.92%
E12000009,South West,E06000027,Torbay,"102,859","42,710","12,156",28.55%,"30,428",71.45%,162,"42,584",0.38%,41.52%
E12000009,South West,E07000046,Torridge,"51,343","23,522","7,030",30.05%,"16,363",69.95%,122,"23,393",0.52%,45.81%
E12000009,South West,E07000047,West Devon,"42,331","21,600","6,713",31.20%,"14,805",68.80%,81,"21,518",0.38%,51.03%
E12000009,South West,E07000052,West Dorset,"79,312","42,259","13,688",32.53%,"28,391",67.47%,180,"42,079",0.43%,53.28%
E12000009,South West,E07000191,West Somerset,"28,134","14,268","3,671",25.90%,"10,503",74.10%,88,"14,174",0.62%,50.71%
E12000009,South West,E07000053,Weymouth and Portland,"51,042","22,100","7,048",32.02%,"14,961",67.98%,91,"22,009",0.41%,43.30%
E12000009,South West,E06000054,Wiltshire,"349,691","159,491","45,782",28.75%,"113,459",71.25%,222,"159,241",0.14%,45.61%
E12000005,West Midlands,E08000025,Birmingham,"726,042","270,084","94,835",35.71%,"170,749",64.29%,"4,501","265,584",1.67%,37.20%
E12000005,West Midlands,E07000234,Bromsgrove,"73,038","32,668","8,432",25.90%,"24,118",74.10%,118,"32,550",0.36%,44.73%
E12000005,West Midlands,E07000192,Cannock Chase,"75,229","24,870","5,621",22.69%,"19,151",77.31%,98,"24,772",0.39%,33.06%
E12000005,West Midlands,E08000026,Coventry,"223,676","84,488","27,629",33.02%,"56,037",66.98%,824,"83,666",0.98%,37.77%
E12000005,West Midlands,E08000027,Dudley,"240,293","92,221","21,681",23.63%,"70,064",76.37%,471,"91,745",0.51%,38.38%
E12000005,West Midlands,E07000193,East Staffordshire,"83,633","36,656","9,129",25.16%,"27,155",74.84%,372,"36,284",1.01%,43.83%
E12000005,West Midlands,E06000019,"Herefordshire, County of","137,328","63,506","18,665",29.57%,"44,448",70.43%,363,"63,113",0.57%,46.24%
E12000005,West Midlands,E07000194,Lichfield,"78,240","33,411","7,938",23.69%,"25,572",76.31%,99,"33,510",0.29%,42.70%
E12000005,West Midlands,E07000235,Malvern Hills,"58,863","28,111","8,368",29.90%,"19,617",70.10%,126,"27,985",0.45%,47.76%
E12000005,West Midlands,E07000195,Newcastle-under-Lyme,"97,451","35,257","9,473",26.98%,"25,644",73.02%,139,"35,117",0.39%,36.18%
E12000005,West Midlands,E07000218,North Warwickshire,"49,185","21,554","4,918",22.95%,"16,509",77.05%,127,"21,427",0.59%,43.82%
E12000005,West Midlands,E07000219,Nuneaton and Bedworth,"93,721","33,874","9,809",28.99%,"24,021",71.01%,44,"33,830",0.13%,36.14%
E12000005,West Midlands,E07000236,Redditch,"63,562","24,026","6,385",26.68%,"17,547",73.32%,94,"23,932",0.39%,37.80%
E12000005,West Midlands,E07000220,Rugby,"72,027","32,430","8,733",27.03%,"23,574",72.97%,123,"32,307",0.38%,45.02%
E12000005,West Midlands,E08000028,Sandwell,"217,642","76,455","21,738",28.57%,"54,355",71.43%,974,"76,093",1.26%,35.13%
E12000005,West Midlands,E06000051,Shropshire,"228,139","96,168","27,221",28.37%,"68,732",71.63%,216,"95,953",0.22%,42.15%
E12000005,West Midlands,E08000029,Solihull,"160,745","66,306","15,778",23.88%,"50,298",76.12%,230,"66,076",0.35%,41.25%
E12000005,West Midlands,E07000196,South Staffordshire,"85,482","35,275","7,349",20.93%,"27,769",79.07%,157,"35,118",0.45%,41.27%
E12000005,West Midlands,E07000197,Stafford,"97,033","44,856","11,711",26.23%,"32,937",73.77%,208,"44,648",0.46%,46.23%
E12000005,West Midlands,E07000198,Staffordshire Moorlands,"77,486","32,400","7,749",24.03%,"24,504",75.97%,147,"32,253",0.45%,41.81%
E12000005,West Midlands,E06000021,Stoke-on-Trent,"185,415","57,813","15,814",27.70%,"41,277",72.30%,722,"57,091",1.25%,31.18%
E12000005,West Midlands,E07000221,Stratford-on-Avon,"93,695","46,905","11,982",25.63%,"34,766",74.37%,157,"46,748",0.33%,50.06%
E12000005,West Midlands,E07000199,Tamworth,"57,899","21,406","4,829",22.69%,"16,449",77.31%,126,"21,278",0.59%,36.97%
E12000005,West Midlands,E06000020,Telford and Wrekin,"120,188","51,738","14,097",28.02%,"36,213",71.98%,"1,428","50,310",2.76%,43.05%
E12000005,West Midlands,E08000030,Walsall,"190,207","72,035","18,437",25.94%,"52,641",74.06%,801,"71,078",1.11%,37.87%
E12000005,West Midlands,E07000222,Warwick,"96,983","48,791","16,371",33.70%,"32,210",66.30%,210,"48,581",0.43%,50.31%
E12000005,West Midlands,E08000031,Wolverhampton,"170,852","65,421","18,352",28.30%,"46,507",71.70%,569,"64,859",0.87%,38.29%
E12000005,West Midlands,E07000237,Worcester,"72,958","29,714","9,525",32.17%,"20,083",67.83%,121,"29,608",0.41%,40.73%
E12000005,West Midlands,E07000238,Wychavon,"89,756","43,220","11,168",25.92%,"31,916",74.08%,136,"43,084",0.31%,48.15%
E12000005,West Midlands,E07000239,Wyre Forest,"76,753","28,310","8,110",26.15%,"22,909",73.85%,144,"31,019",0.46%,36.88%
E12000003,Yorkshire and The Humber,E08000016,Barnsley,"174,713","62,563","15,868",25.51%,"46,335",74.49%,360,"62,203",0.58%,35.81%
E12000003,Yorkshire and The Humber,E08000032,Bradford,"329,139","133,294","42,858",32.79%,"87,838",67.21%,"2,598","130,696",1.95%,40.50%
E12000003,Yorkshire and The Humber,E08000033,Calderdale,"146,667","60,314","18,494",30.99%,"41,175",69.01%,644,"59,669",1.07%,41.12%
E12000003,Yorkshire and The Humber,E07000163,Craven,"44,195","20,699","6,091",29.54%,"14,527",70.46%,82,"20,618",0.40%,46.84%
E12000003,Yorkshire and The Humber,E08000017,Doncaster,"218,687","80,470","21,179",26.51%,"58,726",73.49%,565,"79,905",0.70%,36.80%
E12000003,Yorkshire and The Humber,E06000011,East Riding of Yorkshire,"267,318","112,755","29,358",26.15%,"82,929",73.85%,447,"112,287",0.40%,42.18%
E12000003,Yorkshire and The Humber,E07000164,Hambleton,"70,189","32,360","11,281",34.96%,"20,991",65.04%,88,"32,272",0.27%,46.10%
E12000003,Yorkshire and The Humber,E07000165,Harrogate,"116,710","54,326","16,179",29.86%,"37,998",70.14%,145,"54,177",0.27%,46.55%
E12000003,Yorkshire and The Humber,E06000010,"Kingston upon Hull, City of","181,472","57,907","17,475",30.64%,"39,554",69.36%,904,"57,029",1.56%,31.91%
E12000003,Yorkshire and The Humber,E08000034,Kirklees,"303,515","128,875","42,270",33.11%,"85,395",66.89%,"1,248","127,665",0.97%,42.46%
E12000003,Yorkshire and The Humber,E08000035,Leeds,"543,476","212,267","71,506",34.36%,"136,632",65.64%,"3,639","208,138",1.72%,39.06%
E12000003,Yorkshire and The Humber,E06000012,North East Lincolnshire,"114,689","39,256","9,549",24.46%,"29,484",75.54%,216,"39,033",0.55%,34.23%
E12000003,Yorkshire and The Humber,E06000013,North Lincolnshire,"123,653","48,929","12,542",25.82%,"36,031",74.18%,348,"48,573",0.71%,39.57%
E12000003,Yorkshire and The Humber,E07000166,Richmondshire,"34,488","16,187","4,088",25.41%,"12,002",74.59%,97,"16,090",0.60%,46.94%
E12000003,Yorkshire and The Humber,E08000018,Rotherham,"190,430","74,045","21,613",29.36%,"51,996",70.64%,436,"73,609",0.59%,38.88%
E12000003,Yorkshire and The Humber,E07000167,Ryedale,"41,895","19,096","5,042",26.50%,"13,987",73.50%,67,"19,029",0.35%,45.58%
E12000003,Yorkshire and The Humber,E07000168,Scarborough,"84,661","33,742","10,148",30.21%,"23,440",69.79%,154,"33,588",0.46%,39.86%
E12000003,Yorkshire and The Humber,E07000169,Selby,"63,588","28,073","7,094",25.33%,"20,907",74.67%,72,"28,001",0.26%,44.15%
E12000003,Yorkshire and The Humber,E08000019,Sheffield,"385,793","160,651","61,141",38.28%,"98,563",61.72%,932,"159,704",0.58%,41.64%
E12000003,Yorkshire and The Humber,E08000036,Wakefield,"249,595","88,610","25,776",29.19%,"62,531",70.81%,295,"88,307",0.33%,35.50%
E12000003,Yorkshire and The Humber,E06000014,York,"150,202","66,502","24,980",37.78%,"41,137",62.22%,385,"66,117",0.58%,44.28%
S92000003,Scotland,S16000074,Aberdeen Central,"53,418","24,368","10,385",42.87%,"13,838",57.13%,145,"24,223",0.60%,45.62%
S92000003,Scotland,S16000075,Aberdeen Donside,"55,151","26,385","9,048",34.39%,"17,265",65.61%,72,"26,313",0.27%,47.84%
S92000003,Scotland,S16000076,Aberdeen South and North Kincardine,"53,021","27,896","9,818",35.36%,"17,945",64.64%,133,"27,763",0.48%,52.61%
S92000003,Scotland,S16000077,Aberdeenshire East,"57,185","30,127","10,359",34.65%,"19,538",65.35%,234,"29,897",0.78%,52.68%
S92000003,Scotland,S16000078,Aberdeenshire West,"53,266","28,429","10,131",35.86%,"18,119",64.14%,177,"28,250",0.62%,53.37%
S92000003,Scotland,S16000079,Airdrie and Shotts,"50,938","23,759","7,845",33.22%,"15,767",66.78%,147,"23,612",0.62%,46.64%
S92000003,Scotland,S16000080,Almond Valley,"58,964","30,486","11,458",37.78%,"18,871",62.22%,157,"30,329",0.51%,51.70%
S92000003,Scotland,S16000081,Angus North and Mearns,"51,510","24,742","7,877",32.00%,"16,739",68.00%,130,"24,616",0.53%,48.03%
S92000003,Scotland,S16000082,Angus South,"54,465","27,371","8,404",30.85%,"18,834",69.15%,130,"27,238",0.48%,50.25%
S92000003,Scotland,S16000083,Argyll and Bute,"48,925","26,285","9,526",36.49%,"16,580",63.51%,179,"26,106",0.68%,53.73%
S92000003,Scotland,S16000084,Ayr,"61,126","33,205","10,202",30.89%,"22,821",69.11%,182,"33,023",0.55%,54.32%
S92000003,Scotland,S16000085,Banffshire and Buchan Coast,"52,856","24,779","7,153",29.07%,"17,451",70.93%,174,"24,604",0.70%,46.88%
S92000003,Scotland,S16000086,"Caithness, Sutherland and Ross","54,491","28,417","10,364",36.74%,"17,848",63.26%,210,"28,212",0.74%,52.15%
S92000003,Scotland,S16000087,"Carrick, Cumnock and Doon Valley","59,182","28,691","8,384",29.43%,"20,100",70.57%,207,"28,484",0.72%,48.48%
S92000003,Scotland,S16000088,Clackmannanshire and Dunblane,"48,713","27,241","9,993",36.92%,"17,077",63.08%,171,"27,070",0.63%,55.92%
S92000003,Scotland,S16000089,Clydebank and Milngavie,"52,750","28,339","10,730",38.13%,"17,409",61.87%,200,"28,139",0.71%,53.72%
S92000003,Scotland,S16000090,Clydesdale,"56,597","29,887","10,109",34.02%,"19,605",65.98%,173,"29,714",0.58%,52.81%
S92000003,Scotland,S16000091,Coatbridge and Chryston,"50,818","23,195","8,122",35.27%,"14,905",64.73%,168,"23,027",0.72%,45.64%
S92000003,Scotland,S16000092,Cowdenbeath,"53,890","25,346","8,360",33.19%,"16,831",66.81%,153,"25,191",0.60%,47.03%
S92000003,Scotland,S16000093,Cumbernauld and Kilsyth,"47,723","25,042","8,857",35.60%,"16,024",64.40%,161,"24,881",0.64%,52.47%
S92000003,Scotland,S16000094,Cunninghame North,"56,244","29,419","9,935",33.98%,"19,299",66.02%,185,"29,234",0.63%,52.31%
S92000003,Scotland,S16000095,Cunninghame South,"50,789","21,986","7,173",32.83%,"14,679",67.17%,134,"21,852",0.61%,43.29%
S92000003,Scotland,S16000096,Dumbarton,"53,243","28,481","9,685",34.21%,"18,624",65.79%,172,"28,309",0.60%,53.49%
S92000003,Scotland,S16000097,Dumfriesshire,"59,311","31,875","9,236",29.13%,"22,472",70.87%,167,"31,708",0.52%,53.74%
S92000003,Scotland,S16000098,Dundee City East,"53,389","25,808","9,048",35.34%,"16,557",64.66%,203,"25,605",0.79%,48.34%
S92000003,Scotland,S16000099,Dundee City West,"52,430","24,219","8,930",37.17%,"15,097",62.83%,192,"24,027",0.79%,46.19%
S92000003,Scotland,S16000100,Dunfermline,"55,027","29,078","10,069",34.80%,"18,869",65.20%,140,"28,938",0.48%,52.84%
S92000003,Scotland,S16000101,East Kilbride,"57,995","29,835","10,568",35.62%,"19,103",64.38%,164,"29,671",0.55%,51.44%
S92000003,Scotland,S16000102,East Lothian,"55,910","32,034","11,237",35.27%,"20,619",64.73%,178,"31,856",0.56%,57.30%
S92000003,Scotland,S16000103,Eastwood,"50,274","31,845","10,914",34.45%,"20,768",65.55%,163,"31,682",0.51%,63.34%
S92000003,Scotland,S16000104,Edinburgh Central,"50,924","28,397","14,486",51.36%,"13,717",48.64%,194,"28,203",0.68%,55.76%
S92000003,Scotland,S16000105,Edinburgh Eastern,"54,127","30,247","12,110",40.28%,"17,953",59.72%,183,"30,063",0.61%,55.88%
S92000003,Scotland,S16000106,Edinburgh Northern and Leith,"55,883","30,210","14,995",49.94%,"15,034",50.06%,188,"30,029",0.62%,54.06%
S92000003,Scotland,S16000107,Edinburgh Pentlands,"51,366","29,849","10,614",35.73%,"19,090",64.27%,145,"29,704",0.49%,58.11%
S92000003,Scotland,S16000108,Edinburgh Southern,"53,214","33,298","16,549",49.97%,"16,569",50.03%,177,"33,118",0.53%,62.57%
S92000003,Scotland,S16000109,Edinburgh Western,"55,545","33,270","12,421",37.51%,"20,689",62.49%,162,"33,110",0.49%,59.90%
S92000003,Scotland,S16000111,"Ettrick, Roxburgh and Berwickshire","53,598","28,733","8,755",30.66%,"19,796",69.34%,183,"28,551",0.64%,53.61%
S92000003,Scotland,S16000112,Falkirk East,"55,946","28,074","8,871",31.79%,"19,037",68.21%,166,"27,908",0.59%,50.18%
S92000003,Scotland,S16000113,Falkirk West,"55,241","28,171","9,397",33.55%,"18,615",66.45%,159,"28,012",0.56%,51.00%
S92000003,Scotland,S16000114,Galloway and West Dumfries,"56,221","29,935","9,051",30.40%,"20,724",69.60%,160,"29,775",0.53%,53.25%
S92000003,Scotland,S16000115,Glasgow Anniesland,"54,599","23,876","9,819",41.41%,"13,891",58.59%,166,"23,710",0.70%,43.73%
S92000003,Scotland,S16000116,Glasgow Cathcart,"57,815","26,190","11,184",43.04%,"14,803",56.96%,203,"25,987",0.78%,45.30%
S92000003,Scotland,S16000117,Glasgow Kelvin,"59,167","24,195","14,083",58.78%,"9,875",41.22%,237,"23,958",0.98%,40.89%
S92000003,Scotland,S16000118,Glasgow Maryhill and Springburn,"55,555","20,414","9,636",47.56%,"10,624",52.44%,154,"20,260",0.75%,36.75%
S92000003,Scotland,S16000119,Glasgow Pollok,"57,549","22,840","8,257",36.38%,"14,437",63.62%,146,"22,694",0.64%,39.69%
S92000003,Scotland,S16000120,Glasgow Provan,"54,322","19,147","7,616",40.12%,"11,365",59.88%,166,"18,981",0.87%,35.25%
S92000003,Scotland,S16000121,Glasgow Shettleston,"54,795","21,116","7,518",35.92%,"13,412",64.08%,186,"20,930",0.88%,38.54%
S92000003,Scotland,S16000122,Glasgow Southside,"51,013","22,356","10,972",49.68%,"11,114",50.32%,270,"22,086",1.21%,43.82%
S92000003,Scotland,S16000123,Greenock and Inverclyde,"56,700","28,104","9,521",34.10%,"18,403",65.90%,180,"27,924",0.64%,49.57%
S92000003,Scotland,S16000124,"Hamilton, Larkhall and Stonehouse","55,688","25,282","10,181",40.49%,"14,963",59.51%,138,"25,144",0.55%,45.40%
S92000003,Scotland,S16000125,Inverness and Nairn,"60,651","32,270","11,653",36.34%,"20,415",63.66%,204,"32,068",0.63%,53.21%
S92000003,Scotland,S16000126,Kilmarnock and Irvine Valley,"62,981","31,835","9,825",31.08%,"21,785",68.92%,228,"31,610",0.72%,50.55%
S92000003,Scotland,S16000127,Kirkcaldy,"59,169","27,542","8,754",31.98%,"18,620",68.02%,163,"27,374",0.59%,46.55%
S92000003,Scotland,S16000128,Linlithgow,"64,080","33,943","11,450",33.90%,"22,324",66.10%,169,"33,774",0.50%,52.97%
S92000003,Scotland,S16000129,Mid Fife and Glenrothes,"53,287","26,013","8,014",31.01%,"17,830",68.99%,169,"25,844",0.65%,48.82%
S92000003,Scotland,S16000130,Midlothian North and Musselburgh,"57,602","29,618","10,220",34.73%,"19,203",65.27%,195,"29,423",0.66%,51.42%
S92000003,Scotland,S16000131,"Midlothian South, Tweeddale and Lauderdale","56,941","31,706","12,440",39.48%,"19,070",60.52%,196,"31,510",0.62%,55.68%
S92000003,Scotland,S16000132,Moray,"55,495","28,379","9,991",35.43%,"18,212",64.57%,176,"28,203",0.62%,51.14%
S92000003,Scotland,S16000133,Motherwell and Wishaw,"53,132","24,321","8,154",33.72%,"16,028",66.28%,139,"24,182",0.57%,45.77%
S92000003,Scotland,S16000110,Na h-Eileanan an Iar,"21,683","12,957","4,117",32.03%,"8,735",67.97%,105,"12,852",0.81%,59.76%
S92000003,Scotland,S16000134,North East Fife,"57,280","29,259","11,670",40.09%,"17,441",59.91%,143,"29,111",0.49%,51.08%
S92000003,Scotland,S16000135,Orkney Islands,"16,406","8,084","3,187",39.76%,"4,829",60.24%,68,"8,016",0.84%,49.27%
S92000003,Scotland,S16000136,Paisley,"51,043","25,435","8,788",34.74%,"16,505",65.26%,142,"25,293",0.56%,49.83%
S92000003,Scotland,S16000137,Perthshire North,"52,237","29,733","9,383",31.75%,"20,173",68.25%,177,"29,556",0.60%,56.92%
S92000003,Scotland,S16000138,Perthshire South and Kinross-shire,"57,109","31,068","10,835",35.06%,"20,071",64.94%,162,"30,906",0.52%,54.40%
S92000003,Scotland,S16000139,Renfrewshire North and West,"48,771","27,430","9,070",33.26%,"18,200",66.74%,160,"27,270",0.58%,56.24%
S92000003,Scotland,S16000140,Renfrewshire South,"49,905","26,873","8,880",33.27%,"17,808",66.73%,185,"26,688",0.69%,53.85%
S92000003,Scotland,S16000141,Rutherglen,"57,531","27,032","9,495",35.29%,"17,407",64.71%,130,"26,902",0.48%,46.99%
S92000003,Scotland,S16000142,Shetland Islands,"17,290","9,284","4,121",44.79%,"5,079",55.21%,84,"9,200",0.90%,53.70%
S92000003,Scotland,S16000143,"Skye, Lochaber and Badenoch","56,026","31,693","12,490",39.74%,"18,937",60.26%,269,"31,427",0.85%,56.57%
S92000003,Scotland,S16000144,Stirling,"51,458","30,129","11,270",37.63%,"18,683",62.37%,176,"29,953",0.58%,58.55%
S92000003,Scotland,S16000145,Strathkelvin and Bearsden,"59,101","33,722","11,761",35.07%,"21,775",64.93%,186,"33,536",0.55%,57.06%
S92000003,Scotland,S16000146,Uddingston and Bellshill,"55,221","24,949","8,289",33.47%,"16,480",66.53%,180,"24,769",0.72%,45.18%
W92000004,Wales,W07000049,Aberavon,"50,552","18,684","6,626",35.67%,"11,951",64.33%,105,"18,577",0.56%,36.96%
W92000004,Wales,W07000058,Aberconwy,"44,521","20,227","6,248",31.03%,"13,888",68.97%,91,"20,136",0.45%,45.43%
W92000004,Wales,W07000043,Alyn and Deeside,"61,034","22,786","6,893",30.36%,"15,811",69.64%,82,"22,704",0.36%,37.33%
W92000004,Wales,W07000057,Arfon,"40,654","17,685","7,674",43.69%,"9,889",56.31%,122,"17,563",0.69%,43.50%
W92000004,Wales,W07000072,Blaenau Gwent,"52,954","20,002","6,521",32.79%,"13,364",67.21%,117,"19,885",0.58%,37.77%
W92000004,Wales,W07000068,Brecon and Radnorshire,"53,296","28,440","10,348",36.68%,"17,866",63.32%,225,"28,214",0.79%,53.36%
W92000004,Wales,W07000073,Bridgend,"58,494","23,931","7,732",32.49%,"16,066",67.51%,128,"23,798",0.53%,40.91%
W92000004,Wales,W07000076,Caerphilly,"61,803","25,401","8,768",34.67%,"16,519",65.33%,114,"25,287",0.45%,41.10%
W92000004,Wales,W07000050,Cardiff Central,"62,295","23,464","10,641",45.68%,"12,656",54.32%,164,"23,297",0.70%,37.67%
W92000004,Wales,W07000051,Cardiff North,"66,105","34,231","11,952",35.07%,"22,128",64.93%,151,"34,080",0.44%,51.78%
W92000004,Wales,W07000080,Cardiff South and Penarth,"73,441","27,345","10,562",38.89%,"16,597",61.11%,183,"27,159",0.67%,37.23%
W92000004,Wales,W07000079,Cardiff West,"63,266","27,515","11,278",41.23%,"16,074",58.77%,162,"27,352",0.59%,43.49%
W92000004,Wales,W07000067,Carmarthen East and Dinefwr,"53,964","27,829","9,447",34.12%,"18,243",65.88%,139,"27,690",0.50%,51.57%
W92000004,Wales,W07000066,Carmarthen West and South Pembrokeshire,"57,936","28,012","8,632",31.02%,"19,197",68.98%,180,"27,829",0.64%,48.35%
W92000004,Wales,W07000064,Ceredigion,"56,040","28,977","11,500",40.00%,"17,253",60.00%,221,"28,753",0.76%,51.71%
W92000004,Wales,W07000062,Clwyd South,"53,848","20,066","6,606",33.14%,"13,329",66.86%,131,"19,935",0.65%,37.26%
W92000004,Wales,W07000059,Clwyd West,"57,648","25,018","7,524",30.22%,"17,371",69.78%,123,"24,895",0.49%,43.40%
W92000004,Wales,W07000070,Cynon Valley,"51,970","18,587","6,820",36.90%,"11,661",63.10%,106,"18,481",0.57%,35.76%
W92000004,Wales,W07000042,Delyn,"53,482","23,267","7,138",30.79%,"16,043",69.21%,86,"23,181",0.37%,43.50%
W92000004,Wales,W07000061,Dwyfor Meirionnydd,"44,464","20,813","7,425",35.88%,"13,268",64.12%,120,"20,693",0.58%,46.81%
W92000004,Wales,W07000046,Gower,"61,658","26,747","9,251",34.72%,"17,394",65.28%,102,"26,645",0.38%,43.38%
W92000004,Wales,W07000077,Islwyn,"54,718","20,798","6,618",31.99%,"14,068",68.01%,112,"20,686",0.54%,38.01%
W92000004,Wales,W07000045,Llanelli,"58,014","25,806","8,643",33.66%,"17,033",66.34%,130,"25,676",0.50%,44.48%
W92000004,Wales,W07000071,Merthyr Tydfil and Rhymney,"54,361","19,184","6,876",36.03%,"12,208",63.97%,100,"19,084",0.52%,35.29%
W92000004,Wales,W07000054,Monmouth,"64,554","30,175","9,225",30.67%,"20,855",69.33%,95,"30,080",0.31%,46.74%
W92000004,Wales,W07000063,Montgomeryshire,"48,321","23,075","8,154",35.60%,"14,750",64.40%,172,"22,904",0.75%,47.75%
W92000004,Wales,W07000069,Neath,"57,326","23,828","8,303",35.03%,"15,401",64.97%,124,"23,704",0.52%,41.57%
W92000004,Wales,W07000055,Newport East,"54,703","19,514","6,277",32.37%,"13,112",67.63%,125,"19,389",0.64%,35.67%
W92000004,Wales,W07000056,Newport West,"62,580","23,066","7,293",31.80%,"15,643",68.20%,130,"22,936",0.56%,36.86%
W92000004,Wales,W07000074,Ogmore,"55,289","20,223","6,923",34.42%,"13,192",65.58%,112,"20,115",0.55%,36.58%
W92000004,Wales,W07000075,Pontypridd,"59,769","23,231","8,417",36.42%,"14,691",63.58%,123,"23,108",0.53%,38.87%
W92000004,Wales,W07000065,Preseli Pembrokeshire,"57,366","27,176","8,651",31.99%,"18,392",68.01%,131,"27,043",0.48%,47.37%
W92000004,Wales,W07000052,Rhondda,"52,436","19,863","7,194",36.46%,"12,536",63.54%,133,"19,730",0.67%,37.88%
W92000004,Wales,W07000048,Swansea East,"59,988","18,821","6,578",35.13%,"12,146",64.87%,97,"18,724",0.52%,31.37%
W92000004,Wales,W07000047,Swansea West,"61,715","21,811","8,355",38.57%,"13,308",61.43%,148,"21,663",0.68%,35.34%
W92000004,Wales,W07000053,Torfaen,"60,955","22,210","7,398",33.44%,"14,724",66.56%,88,"22,122",0.40%,36.44%
W92000004,Wales,W07000060,Vale of Clwyd,"55,908","23,043","7,080",30.99%,"15,767",69.01%,196,"22,847",0.85%,41.22%
W92000004,Wales,W07000078,Vale of Glamorgan,"70,661","33,313","10,287",31.03%,"22,862",68.97%,164,"33,149",0.49%,47.14%
W92000004,Wales,W07000044,Wrexham,"51,424","18,676","5,957",32.10%,"12,603",67.90%,116,"18,560",0.62%,36.32%
W92000004,Wales,W07000041,Ynys Mn,"49,226","24,102","7,534",31.42%,"16,448",68.58%,119,"23,982",0.49%,48.96%
N92000002,Northern Ireland,N92000002,Northern Ireland,"1,198,966","668,870","289,088",43.68%,"372,706",56.32%,"7,062","661,794",1.06%,55.79%
